,F1,F2,F3,F4,Target
0,-0.29159166787257207,1.854606254843039,-0.2260044532363847,1.6947542433636655,1
1,0.32750058492557754,1.5847475848628854,-1.3005414207860597,0.4717291578620723,1
2,0.22798503314442392,1.5120230119210567,-0.6469836875720678,-0.7437068228746506,1
3,-0.45352455888864746,1.8190413869733537,-0.8709567664256366,-1.4523897823861671,1
4,-1.4804198558460704,1.2789676540172379,-1.1931706960793402,-0.0009515044870755612,1
5,0.42933708707328044,-0.9457732565950747,0.1526267190155236,-2.254321676989689,0
6,-1.174906739756025,0.2995102387459362,-0.7928829807634853,-0.7977253108107796,1
7,0.0579815669246234,-0.8790095725620664,1.593617701313357,-0.6053175420981969,0
8,0.21147373842934275,0.9376176791932898,0.8876868418900147,-0.6632335612086288,1
9,1.3744668460414697,-0.9192516851365259,-0.5002033305768914,-0.6534451041580608,0
10,0.28848939400965246,1.6818387808548931,0.11069193321229485,0.3797399285869963,1
11,0.08243171118172984,-0.863930176066419,-0.5203323838960068,-0.8183385578594247,0
12,-1.0671326163481443,0.2708575310158374,-0.8042021684178091,1.7672544850640945,1
13,-0.472300712542706,0.39576513281813275,-0.13048546929553925,1.3962343655896445,1
14,-0.08121480088651242,0.5534593619989242,0.877630608126932,0.4017239263264477,1
15,0.028708396610287804,0.9261345459175111,-0.21270146849875998,-0.7579852390327328,1
16,-0.037782522423977914,0.38867752484305174,-1.1961355186409914,0.40135894374455466,1
17,0.1525419628149294,-0.24463958381905493,0.2940234153133216,-0.46851504752382755,1
18,-1.0892667582268722,0.5604100612632024,-0.710350771868893,-2.4130913457377376,1
19,0.3498532361672029,-0.8463692682110037,0.3015528001491924,-0.012012754906338045,0
20,-0.9911140872424684,-1.1747405081256739,0.523048183434111,-0.3306198814525363,0
21,1.1378842495577148,-0.9434504354725672,-0.41138105029069566,1.192753564482999,0
22,-0.16030994682041314,-1.0748940447855155,0.0257869836842145,0.11028928194881397,0
23,1.7725219006626058,1.6412634726965507,-0.44030069910679126,1.4063071113885983,1
24,-1.67442649403813,1.4468869156404034,-2.9578035522358737,0.38794609260730634,1
25,1.0883844536838465,-0.011059294653688045,0.6846463735726032,0.7056084836707116,1
26,-0.6916705154287768,1.5609746796872654,0.06674884306680157,-1.0812764820261214,1
27,2.8037969384997443,2.2138895042695763,0.027706980948144947,0.386772715459052,1
28,0.14360640638851999,2.766067748744889,0.09626825608470047,-0.5046002199068317,1
29,0.11717093137088558,-0.9473258502528819,-0.5878875030719832,0.16298336690842177,0
30,-1.0519994856299513,1.2241282169087775,0.34327230358163247,0.11504310987375077,1
31,-0.148913716003169,1.9926496116280172,0.12149011919407957,-0.3628665482779214,1
32,-0.27295744947512657,-1.120533874719551,-0.672902545999044,-0.2809273983315978,0
33,-0.21181105874722242,-0.8197479315637161,-1.043419707425223,-0.4278975871619742,0
34,-1.319379111475556,-1.1631130697108192,0.4991927565814511,0.466843476399105,0
35,0.27931230019246117,-0.9957254801313751,1.5154392582385718,1.0415656443818224,0
36,-1.030689757390979,2.1005358211740157,-0.013036422341588926,-0.5288381348336914,1
37,-0.6592802446698758,1.1535802963739359,0.6924425389443563,1.3918012487217664,1
38,0.9834737969078754,1.5126282215806643,1.3445195006469204,0.8399753697564393,1
39,1.3317215437029246,-1.0255747475159802,0.7785152143994766,-0.39877773111945164,0
40,-0.8093536519123122,0.3497069646412314,-1.3930247959054756,-0.46967756710684433,1
41,0.2994134284423313,-0.9936601637500202,-0.3370512443861922,1.8544506641273857,0
42,0.8330659186522757,-0.8897160332560722,-2.31444183737666,0.6426825672882969,0
43,-1.9701325582032185,-0.9711910847709133,1.3784204398968833,-0.18137251780523533,0
44,0.046461531625356975,-1.0166346974179956,-1.4831793564777056,0.6198394917595694,0
45,-0.0700263776016426,0.9440050013508836,-1.7523333804779966,1.5522446204676146,1
46,-1.564559545292059,-0.4011330586968247,0.2565122284029883,0.18464575377411616,1
47,-1.5573349850061404,-1.059003251702241,0.8554659070236453,0.04518271267224499,0
48,0.9164149072806888,-0.8981955910332748,-0.02621407108509803,1.3373440615263916,0
49,0.15659857338424119,-1.048565057492284,1.4102762254660397,-1.6944551173859275,0
50,-0.36788815804160196,-1.0427807927337822,-0.6209725124479307,-0.8596929555596148,0
51,0.7203242235902789,1.8546617815191562,0.735698479919946,-0.4285266635816157,1
52,0.8373047738739557,2.3830163319396176,0.19878741906445854,0.5411038842309438,1
53,-0.33870323968017607,-0.9700035464802149,-0.3644354948840278,0.18133231977398204,0
54,-0.6940968339742549,1.7522752631622365,-0.6618639789854538,-0.37695081582286266,1
55,-0.33973683859849396,-0.9914670757663857,0.3684280739842649,-0.8568711215052494,0
56,0.6757832294894636,0.013043629586022343,-0.03676679409588616,0.29671429803131943,1
57,-2.0603213766793056,-1.1499622559731248,-0.14962613549015916,-1.2716859041011446,0
58,0.09229706975148567,1.2454431754894706,0.6353582282781538,0.35078444727643304,1
59,1.966633284429641,-0.8749178980424706,-0.007583111017502433,0.6331677015890597,0
60,0.298889104308167,-1.0867051426195469,-1.0735539801328982,-0.10599508654024134,0
61,1.8773511299299463,1.4664703386742328,-1.1252255602165682,-2.2685988467806006,1
62,0.6140952419383319,0.6970315247889367,-0.9943852780427346,0.8732507437725577,1
63,0.05495003589213508,-0.8431513519895715,-1.9017388895825762,1.0449445533172461,0
64,0.5481622340851305,-1.1316615014006943,-0.08759973967577435,-0.49922646149831024,0
65,-3.1181589453993643,2.4825344863300876,-0.8272056538098862,0.6108606914252648,1
66,0.09178800942221008,1.059718152260437,0.6785345917520976,0.1607913005885905,1
67,-2.1012404018351956,-1.1041778998498504,-0.9766026585100734,-0.4393001436585087,0
68,0.8617549540418247,-0.9017472951384622,0.7156577340609368,-0.8969372019827542,0
69,0.28298968292350685,1.1723378713415067,-0.6477269280471171,1.1738447083958161,1
70,-0.15185544011202934,1.2589202588525876,-0.9939005092448326,0.6838150117917526,1
71,-0.06715580006284132,-1.1361095014853533,-0.06513277763255414,-0.0021028907481159065,0
72,1.023485918020276,-1.0747130432617662,-0.41777264324209407,1.4401128112352148,0
73,0.10477498487441038,-1.1583817505116325,0.2370444210592363,0.7066255110237525,0
74,-0.18314147636725936,-0.9420331439211815,-0.2727494391148345,-1.4486756858395702,0
75,-0.27640668147795816,-1.0362069322210303,1.273325788174429,-0.4442703426471501,0
76,-0.8718205223525773,1.1530731610380447,1.4427752590794294,1.5524094146319742,1
77,-0.4846925596335699,1.1676824266548413,0.14497135766732455,-1.6758165572262658,1
78,0.9816750992412392,-1.0682600099387618,-1.3364236686155042,0.3652638613535256,0
79,-0.2593281924492614,1.0608839255583171,1.085807222902817,-0.1823349582876174,1
80,-0.2921401322429357,-0.9171555557001393,0.5846759395107033,-0.8079137823462516,0
81,0.5411917670619563,0.8745477381564883,0.04655759123101401,-1.8470312359106096,1
82,0.907282029869333,-0.9673644866551157,0.33897062268290384,-0.4458018388397034,0
83,1.1313218381453163,1.3804354074259708,-0.07130131333308665,0.932134637096058,1
84,-0.3037429787615613,1.1222950368334033,1.517392176248459,2.026032356219529,1
85,1.3719013831200362,1.2432561372060427,-0.1472742218616778,-0.5158583469335107,1
86,0.6010816780208208,-0.916131561825855,0.09396210554881752,0.3543479968576048,0
87,-1.7823752684799141,-1.1262491816621636,-0.5036004592154386,-1.1846808818201304,0
88,0.41610885520763363,1.414105951538388,1.3656696525905299,-0.8639344893414133,1
89,0.0700432701228849,-1.0500653923078591,0.19711704652267265,0.8061673541706577,0
90,0.08343814512709348,-1.0379333056917375,0.774548264252474,0.9087621788612005,0
91,-1.5762200419232826,-1.0092457957100018,0.4284517861351717,0.704421643050007,0
92,-0.9510483647018323,0.4631373616175638,0.6082365363973028,0.46088357479734254,1
93,0.39700024520891075,0.03119080901628024,2.817742957513166,1.1217314434078867,1
94,-0.3037345178380627,-0.9540981329202485,0.1879957222594311,0.28308646891796146,0
95,-0.019165558976380583,-1.0400421610515997,0.41405056685113356,1.800434510712716,0
96,-1.682003329655665,-1.1600911239031961,0.38526740498745815,-0.04914585871756308,0
97,-0.3807583839012254,-0.8458073424475199,-0.7673143598612174,1.3467327196054215,0
98,-0.2809713682388835,1.3917296452361967,-0.21111784318694107,0.23669548357722014,1
99,0.7690063535231254,0.3835306159841414,-0.5979373858034773,0.25241971761138515,1
100,0.25219995050259564,0.8068489609897467,1.0717711928230056,-1.0025258787699811,1
101,-1.261534428565373,-1.095017145843779,-1.35004361694397,-0.6616938136419498,0
102,-1.1400746834131634,-0.9951875902850476,0.544838611331492,0.07162135049001739,0
103,0.07143043944987683,1.1962013436866916,0.12804075246483898,0.34589785655282257,1
104,1.3199235009392034,1.0106881203194333,-0.7766183963904529,-1.664182815701072,1
105,1.300627383243059,-1.0128351296796443,-0.4707986557884455,-0.06891903468226962,0
106,0.2187409251450946,0.8162493296297565,0.09018901007261895,0.4375545424440047,1
107,-0.41056313516260756,2.074827628404498,-0.13562787228420245,0.33809879645242075,1
108,1.3567993526128974,0.36523392719631065,-0.4450264648951208,-0.9983704538798536,1
109,2.0756620193042132,-1.0842021776952433,-0.46964757068920165,-0.4906125498817084,0
110,-0.3091846234695984,-0.9554479901509589,1.2268417156339573,1.0783753556869242,0
111,1.118095471018057,-0.971294683021221,-0.22923717841482558,0.8054255331137153,0
112,-1.3653121783583084,1.1336919993172545,-0.5982760204527529,-0.17902850020004604,1
113,0.22840725378029303,1.6956740381184692,-0.2249613912067731,1.4832044154861985,1
114,1.437230084574878,1.2652994144643297,2.168129609471603,0.4959763966120019,1
115,-0.739590674945216,0.2838432213600993,-1.1052888651725183,-0.31816635513525965,1
116,-1.846371504186954,-0.9444067025350809,1.485848733415444,-1.936773892745859,0
117,1.2893266850584921,1.82658960880476,-0.08211625622521625,-0.016545098062274145,1
118,-0.16131140170050084,-0.9385879928196981,0.6285835101228011,0.10181381641292159,0
119,-1.3149344144433137,-1.0323869523296891,0.8601055241692691,-0.9981350896220275,0
120,-0.2061982172570066,0.9864826358451172,1.345712548239964,0.11937460985977574,1
121,0.11998853419179327,-0.988051410330066,-1.4344277842827284,-1.1771537460847494,0
122,-1.7504732001131724,-0.9979405679611016,3.350900098737418,0.7367833868715558,0
123,1.2695008807601846,-0.7418273271704834,2.211229041187888,0.4639330782217066,0
124,-0.42059630305895634,1.8587889391869155,0.4521256353888461,0.4122502325089013,1
125,0.6808123217713142,-1.1058316028484096,-0.7296965227045111,-0.23919307910665802,0
126,-1.0647039543318901,-0.964806735590556,0.8293171090620448,1.7550309126863588,0
127,-0.8291588580486753,-0.9195145789152676,-1.8233349577214242,1.910961130924305,0
128,-0.49424969125787693,-1.0904984281353902,0.5593252608408594,0.42231984182550353,0
129,0.8909429688092904,1.838583392441612,1.246185056099496,0.021380133112650593,1
130,0.27151364916682175,-0.959138722783977,-0.653847549221795,0.9102685963892678,0
131,0.3992741596487929,0.6150895503136831,-0.17639410369691955,-0.061113052027512695,0
132,1.412541959859869,-1.0835359984442892,-1.048760319253597,0.3885372734469391,0
133,-0.07424475883513003,-1.008228199021438,1.0034361162345264,0.6116943781350678,0
134,1.4739224464492557,1.0486235762800091,1.2553361710341597,-0.24425089657951074,1
135,0.469495130681753,1.1994869385417526,-0.9084403462710597,-0.6730228143846292,1
136,-0.5083891849256468,-0.1363333876979249,-1.110789241864617,-0.24948160283095222,1
137,0.6775454805597374,0.4160207310018894,-0.7174149625369549,0.034019376618964044,1
138,-0.4349280328652909,1.3322864732949018,0.890109223117556,1.6251774417621208,1
139,1.1105412787504538,-0.9584878900557017,-1.4669292392612792,0.3195196721867834,0
140,-0.5930570243662734,-1.105875000214241,-1.3149306197150499,0.3373808149234977,0
141,-0.4772813961338561,-1.0909588894895939,-1.182121340396763,0.27983238345976646,0
142,-0.9633988783343238,1.3960123851643225,0.5566285197077204,-0.21438662486583493,1
143,-0.003455663344288926,1.0452945203835924,-0.23452554277566987,-1.0474140170201587,1
144,2.066299018072328,0.01071661921999767,0.049591307318333895,-1.7652963886867052,1
145,0.4331822502862464,1.82665770317222,-0.679623679164135,1.4078672000915162,1
146,-0.6881424891363491,0.6193426309465409,-0.6603364761096885,-0.38511843473018864,1
147,0.15460532778694808,-0.9624942099047272,-1.0513182320457706,-0.5019244882933515,0
148,0.5663399040656153,1.3658804683177148,0.5655908757677238,1.1011812418174722,1
149,-0.48801561136235627,0.9221021846853271,-0.6046870290442147,-2.3362806386046677,1
150,-0.20008371296611893,-1.101166314567496,-0.4953694888364092,0.03264823202454068,0
151,-0.41034227271415,-0.9573910427126975,-0.719594117288602,-0.855826395449631,0
152,-0.6287061949036867,-0.8871258408604022,-1.544895967439974,-0.21709223082707713,0
153,-1.9824479455067292,-0.8849714195608567,-0.7318227222322709,1.5181235277276381,0
154,0.5777442628533939,1.2938453545022186,0.45739211895202725,-0.716800691720538,1
155,-0.5833475111894485,-0.8669464564415802,-0.17663437479315544,0.0972059634813245,0
156,-0.9944148726787977,0.8152745543905171,-0.31927289341947596,-0.7915461880125674,1
157,-1.3208591072222529,-1.0119514937849914,0.0301581443701772,0.40185865685504046,0
158,-0.7736102461871781,1.6236149500745818,-0.8296602131666225,-0.4903068311888042,1
159,0.73690550014169,0.6603762211414561,-0.1019070098937994,-1.795623277925282,1
160,0.7574558754926332,0.3883409268745258,0.3938146956773957,-0.31161973382409613,1
161,-1.3656339405179394,1.0736784716133685,-0.10217046492256156,-0.6034326319353972,1
162,0.535164013793552,2.118437674403774,0.3342595389523644,-1.8176939788020485,1
163,-1.4802542690176144,-0.8456435497345027,0.9220568616520616,-1.3079877638979949,0
164,0.5648351194306821,-1.122760418381008,-1.0367060022252181,-1.2583794110485547,0
165,-0.4416212404714066,1.043148028266822,0.9542478798134141,-1.669942727748483,1
166,-0.2011061394239993,0.7397014979439771,1.1090987368168215,0.16543798836502716,1
167,-0.2052017379784436,-1.1096978133929616,-0.8706852362362234,0.5741218404636843,0
168,0.827797147507851,-0.9419606383336655,-0.7052232430469847,-0.5823047890633705,0
169,0.05845802749767014,-0.9232301723660692,0.5610378845358953,1.7302279425517673,0
170,0.2361886805547002,1.8436491213527266,1.080828401353169,0.31712437517796727,1
171,-0.8534657991886212,0.8916482478587031,0.5776801212352587,-0.1288283795892495,1
172,-1.1017067209108358,-1.042293976715159,-0.7096941580517133,0.2440280999562452,0
173,-0.9446325605363745,-0.8660066913728698,-1.631363366218952,-2.1459084018527084,0
174,-0.542610774014364,2.0009749816574405,-0.683035715158658,0.8170180879897717,1
175,1.098107550217312,-1.1126165569631732,-0.8603534245173968,-0.3416312203691255,0
176,-0.33107672413408906,-1.0514915296428555,0.5355658249857057,1.1689158169264613,0
177,1.0154337569399612,0.7618882995071564,0.8478204894161018,-0.9421538590044151,1
178,0.41019619280169484,1.6076706128749225,-0.16929683383358377,1.7745730160762778,1
179,-0.08883400837063476,0.8983140549572163,0.9384476011024193,0.3837093436671799,1
180,0.8992012596194356,-1.057706495613104,-0.9039701469716843,1.7947762098585207,0
181,-0.08513408820755591,-0.29159407792040826,-0.8429997707631999,-0.03240407729034745,1
182,-0.5892636391642576,1.0851264382753094,-0.8509216659036444,0.02417869396801683,1
183,-0.6553850879606272,-0.8484207740237354,0.2931430586804905,-0.35320331176816794,0
184,2.6124024683880633,0.4946533141957504,-2.889931438542976,-1.5278069363106113,1
185,1.2865078735263162,1.3450528771200527,1.2341843658090472,-0.5698669252138544,1
186,1.1440892754125211,0.7272790325486529,-0.6215807809526758,0.9150028560098803,1
187,-3.080300957847167,-0.9614238767297998,-0.43174462613601605,-0.04128753650538976,0
188,-1.5452594589329343,0.42514592534310647,0.227000760174128,1.6096668229007052,1
189,0.4938046936653935,1.4992919747959723,-1.3595179387647696,-0.705253937640436,1
190,-1.064648896045323,-1.0044613140428984,-1.4967546255991693,-0.5072113811685309,0
191,-1.0133218632161054,-0.043256298987717434,-0.559331778474735,0.8713113416013688,1
192,1.2453457306859512,0.8130280248537608,0.0776225144145207,-1.5575554212000138,1
193,1.200674611677989,-0.9204719037550382,0.8910897148682381,-0.4898837122341822,0
194,-0.8960167935836767,0.6028088612455873,0.025529306197602627,0.05858848281578063,1
195,-0.01890924496049009,-1.1054447760257209,0.39429812396485836,0.5932319627141622,0
196,0.8737690605511488,1.1581889135924959,1.4547915456072888,-0.22581756347780596,1
197,-0.1439199473842718,0.7217452024882152,0.5485072850408013,-0.0062243569566187715,1
198,0.38120507135190906,-1.138230665742908,0.8666587314740241,-1.6153436227132691,0
199,-0.8298025143756284,-0.857054078609883,-1.173631704158932,-0.4429734114299249,0
200,1.1880871056546893,-0.9266797034266231,-1.3902120363616164,1.067164306011679,0
201,2.0087505744593717,-1.0728558926230374,-0.18527720063914677,-1.3383076379976357,0
202,0.25813939832771277,-1.1236855605639233,-1.8556825346400487,-1.1231168580215916,0
203,0.8047930526011232,-1.2096963186425995,-1.3729906545424984,0.8949382321401934,0
204,-0.891113356729597,-0.8665893484109094,0.1652012928972775,1.9888622647181036,0
205,0.7143439487783345,-1.0194125783442118,-0.49019128564446296,-0.9174490159459243,0
206,1.3215389881692985,0.91677989931447,-0.8739492345380598,1.338113230240992,1
207,1.8901501746860556,0.07420696267267057,-1.3238864104278258,-0.9685321248768549,1
208,0.1397719804183898,1.9388085459301232,0.36414878908180764,0.3825701275868342,1
209,-0.5941326262822841,-0.9936503258444587,-1.2934533568747382,-0.1794111344972836,0
210,0.2308370539349417,-0.9029091576371124,0.3980023642330874,1.1087828314708317,0
211,0.2451343915591538,-1.1472346503977264,-0.8124216392055228,0.9647413463643251,0
212,-2.1830392744056377,-0.6751374899084637,-0.025461389823285916,0.6743335984086436,0
213,-1.736041275610285,2.0431371125995477,-0.39650264102163046,2.2084641598892665,1
214,-1.3621230359854803,2.1134110840142135,1.2684165509581717,1.1737425733192697,1
215,1.0482969343413435,0.041741789115560035,-0.4145405578714079,-0.986967070378402,1
216,0.39111667767616237,0.5309290347689051,1.4007719536811598,0.9394862564866977,1
217,-0.16053519930058222,-0.902082400091248,0.8414917738241056,0.058145397126670884,1
218,1.133757416240127,-1.1588183896764976,-0.2248054185477378,-1.316984569444681,0
219,-0.5606731425395526,-0.9307142493458632,-0.05424135092268187,0.7294905899778259,0
220,-1.1456133751744335,2.6783128586691998,-0.7955615280362389,1.1574802832930995,1
221,-0.15384709696245374,1.7608351108302225,-0.13452726396966294,1.1020456903173035,1
222,-0.9437852841637647,0.6824854242468377,-0.34699640995193554,0.518286239274981,1
223,1.588285918138147,1.2395118542115908,0.5059285023466056,-1.8033311476812623,1
224,0.9781951300577453,1.1482932824868555,1.105528296844055,-0.6871607640012977,1
225,-0.15857217016993222,0.6945802287273541,1.4623745036205522,-0.10123546337589605,1
226,0.06442268607550912,1.9748169858249147,-0.2295347505984989,-0.1677272040571857,1
227,0.4430338807975386,2.252993103774852,-0.3795556495358454,0.5311476921073899,1
228,0.468445680058072,-1.0035687497662904,0.14135108180728712,0.3643919915896803,0
229,-2.1311873768144793,-0.7849270045492837,-0.4684946573540561,-0.2962899987856753,0
230,0.47855018458346854,1.7039164568620104,2.3917105994329666,0.33197132855769024,1
231,-1.002053394083685,-1.0225878115535612,1.3162347873094857,0.2613006537397689,0
232,-0.0659194669456029,-0.8925927016593779,0.3624125167342971,0.27248168189964195,0
233,-1.5109229091953051,-1.096213420791929,-0.2065441686775187,0.5976540609566336,0
234,-0.4652324766319358,-0.8529106818461762,-0.29951891229855304,1.0799219625295868,0
235,0.5804772505954567,-0.7960484173010062,-0.5132995023354076,0.003248161762179845,0
236,-0.8043962195211,1.031896929004816,0.7033757848374267,0.18827621181617976,1
237,-0.1314073697872176,-1.1223573995009837,-0.8572392453400278,1.4892237596615012,0
238,0.32145916441823696,-1.04902693391528,1.36616254944898,-0.3101213212041697,0
239,-0.14119711106336133,1.5798537677265068,-1.446318758658816,-0.13830596040501947,1
240,1.073703370886789,0.9866153719772931,0.24032298757570644,2.1032443004303163,1
241,2.7478399407915326,1.6708162254464929,0.8903283646359313,-0.8221352500694377,1
242,0.14280884060988205,-0.3152595393282078,-0.739033513946359,0.8875916805862869,1
243,0.22026899153209215,0.9012493169312715,0.6954236716908649,0.986471361076542,1
244,-0.34123432597165565,0.9868410625750558,-0.7181968482747696,0.25817442535112456,1
245,0.6560362163308653,1.215150436525468,0.2994058874184682,0.2970207262816486,1
246,-0.32748904592042954,1.0285171241944793,0.5391429864465196,0.42805084169495755,1
247,0.30750892522417644,1.5162056400229544,1.2490288569002113,2.3375249849734856,1
248,-1.8626841241368428,-0.9032742005225918,-0.47892314709487543,-0.9879515670171867,0
249,-0.8480664042504095,-1.0206289317307342,-1.776547236542514,1.2933305160708812,0
250,1.473380643274234,-1.0048438364842271,-0.9755791279434692,-0.562694288899778,0
251,1.4948219930527853,-1.0220574658004142,1.049139950099945,-1.0453076499999863,0
252,-0.012922678647340912,-0.987101786820543,0.9560520288787893,-0.2940266934603059,0
253,0.42699364341513185,0.894251290922549,0.4087497624637029,0.16536133003560582,1
254,0.9375645551340493,-0.9675789537006313,-0.6466709398643785,-1.5139897207568977,0
255,-1.1955342166346679,0.7848477905460935,0.782210680891793,-0.8662790067962871,1
256,0.6327642431728303,1.1380531173254584,-0.004420158316748986,0.48279246219228633,1
257,-0.20361697196720563,-0.835660899305485,0.48876508670810126,1.040743774081955,0
258,2.372102284972475,0.8668423971834478,1.6705170426061506,0.39411844487641096,1
259,1.2399315550659105,-0.8327337744086154,0.5534091813937677,0.7389306175474066,0
260,1.7748609668102522,-1.133305204174284,-0.8645606778382922,0.5220690739827201,0
261,-1.1145078782847397,1.886096398453387,0.6650384708450646,-0.27026086817122913,1
262,0.388037935892309,0.37552129795416733,2.332844763326632,-0.7856845330804719,1
263,0.576015988570143,-0.9527097892326404,0.2579417701036355,0.7010386684661533,0
264,-0.05968616835987619,0.2699712958139667,-0.8498859518505841,1.4047734769440376,1
265,-1.2778898639192877,1.0332392116224862,-2.2933060399167737,1.7555448369537021,1
266,-2.0988147552608347,-0.8351712048242372,-0.7191391824509269,-1.5205220450921104,0
267,-0.8449179402898485,1.01219532793977,-1.9835857391257348,-2.1727797467528824,1
268,0.5949306574734563,0.7435206069059287,-0.1144441070560515,-0.4740153400186021,1
269,-0.8351064380245005,2.342788447813053,-0.2233177901223481,1.0320185228605974,1
270,0.20686329120369212,0.9761370322721373,-0.32690323355142714,0.21291542190372084,1
271,0.27392786997123497,-0.03380997561391985,-0.7102806561465563,0.09885037641140063,1
272,-0.9672077228278839,0.840612054912131,-0.6474731400774426,0.5464622374052404,1
273,0.6321611398356981,-1.1335265342153633,1.2934864933278036,-0.9782590933629755,0
274,1.0868688716838908,-1.0406481920382846,0.4962768731652059,1.5746928241124225,0
275,-0.22922218289282936,0.37950579930813955,-0.25060515902453134,0.6437750776748667,1
276,1.230464922381648,-1.073249443606246,1.178177248267334,-0.28196171120902724,0
277,-0.7111001929348332,3.6127072979654384,-0.41825265136801154,0.4642708543778726,1
278,-0.8507882758692302,0.3676718213929493,-1.4285969849884803,0.8158609687576955,1
279,0.8456798857577342,1.8308822307729926,1.220136249511358,-0.10075266555100236,1
280,0.7948305051384392,-0.8363961321707453,-0.34908751832355667,0.7539233869310847,0
281,0.05392403128728243,-1.0828429427771076,-0.28019086666610815,-0.30029522127978026,0
282,-0.5175805462707597,-0.9486380989106864,-0.24870450317559983,2.3605334576516315,0
283,0.5078104234951449,-1.0317751368419767,2.4409875004382924,-0.8860801362055478,0
284,1.739716366833412,1.1090504506785441,0.23630912517708233,0.7534153654929812,1
285,0.005175459684808023,1.4836101342411556,-0.25909734465427475,0.04074054968062692,1
286,1.6551077560694512,0.6873000112065396,0.020208321618341754,1.3091864641694457,1
287,1.0534554073327604,1.0146672734345001,0.053439391520047605,0.7374662519431082,1
288,-1.0484775681629925,1.9235358124438824,-1.0001494836794154,-0.556757177851244,1
289,-1.367212366454883,-0.920303835667508,-0.48771579028686995,-2.0550500668625356,0
290,1.1276516015263531,0.9249814386680398,-0.4959220566991348,-0.3381499206630241,1
291,-0.32229726354426186,-0.9907869113468419,0.09610572060953915,-0.12903069081711685,0
292,0.7689843958948877,-0.05145162718235574,2.238721669573525,-1.2876222062578135,1
293,-0.11278059460979276,-0.9093035508673579,0.5657527401813034,1.322794715890337,0
294,0.6074770001045832,0.933198353931267,2.0712998171006154,-0.6959453759902213,1
295,0.2431843461512811,1.5313387550146245,-0.8840985575733181,-0.8769880492144319,1
296,-0.5980043829392169,-1.0685326561629038,0.2709991395798816,-0.6324669783530508,0
297,-0.034356633272159404,-0.3722310244254179,-0.3302426695410585,-1.271326927574641,1
298,0.7984016704016376,-0.9844877561999924,1.0135776086993111,-0.33161222366561033,0
299,-1.0741559976136505,-0.966872762182286,0.43873218660197655,-0.05560531647636461,0
300,0.46791215035971984,0.7325847495553852,0.3333303091987805,0.5564901940964563,1
301,-1.1328527926797742,-0.9438867551715967,-1.5830446432333263,0.044029463704252376,0
302,-0.7956870340686945,-0.9739898681544041,-0.6341820003141336,0.6447863703477197,0
303,1.6506929203014626,0.8286922006010305,3.5615042636379677,-0.46764986160830796,1
304,-1.350292816994851,-1.000338094117934,0.6586394193789716,1.0409312332514429,0
305,-0.5225723465679385,0.8915794631964423,1.4241865521654036,-0.19929287437486282,1
306,0.47904249978696883,-1.2634616890263608,0.777708847956448,-1.830138589575112,0
307,-0.7553016273811988,-1.0837076249733213,0.3286662126745498,1.2734780184171912,0
308,0.4091962547620688,1.9659378451557394,1.0138782180740924,1.3785107426280883,1
309,0.648587826959987,-1.1571236219772545,-0.016607895815749025,2.2915701791026657,0
310,-1.840667625167273,-0.8741221289481694,-1.3602028422442891,0.005802050323162187,0
311,-0.1647200422298715,-0.963999890689034,0.3608095126682134,-0.5621451551186194,0
312,0.1463317006013101,-0.9410282742759277,-1.0813163389384817,0.32672105194697865,0
313,-0.022319113351646186,-1.0231313144105658,0.694456044465954,-0.9149023652102221,0
314,0.990541218625258,0.7961240318028759,-0.3350402258622108,0.2646121935530612,1
315,-2.4455594574352166,-1.1217636813327612,-0.7331644693433493,-0.3819480645515959,0
316,0.11057759779027913,-0.9154456157363544,0.16759632600528618,-1.1580244908740396,0
317,-0.08312455830211404,-1.0585956158710947,1.2134010929306491,0.692778524859466,0
318,1.9260881675764536,-0.9678573725594075,0.28750294034204243,0.18927028782038485,0
319,1.0485652833179457,1.9527626762847339,1.6296723692432322,-0.6898119847658011,1
320,0.770737456504527,1.351786701625531,-0.5058568385606983,-0.6586379413217641,1
321,-1.7130660484340756,1.8600572154754405,1.9494899032077908,-0.5950159764261492,1
322,0.2836606920177328,-0.9390826607776942,-0.1085495387715898,-0.5320543878716616,0
323,-0.8329283301206303,-0.9405492672439799,-0.04802467964233882,0.13389919181509946,0
324,-0.26063151535559703,0.4727573027120441,0.07819735176385299,-0.3197895786299519,1
325,0.9097569687795264,-0.999353492309374,-0.5911415963707936,0.20398271943567545,0
326,0.0948053527613298,-0.5733081018679738,-0.7017356319595659,0.30704152504798193,1
327,-0.7534349567872682,1.1388276754984756,-0.5394047029059843,0.6405482581193317,1
328,-0.28624583517718155,1.488329168520798,1.9432129480758364,-0.1847659002543652,1
329,0.21322304857799684,-1.097207705415861,0.36769350778000887,0.4656082126442432,0
330,-0.21842346684270456,2.1971900951325423,-1.7271280433103438,-0.4686698421121778,1
331,0.2087968959733648,-1.0313652791008456,0.4447343172805187,0.6716918196027557,0
332,-0.8994763799072756,0.7077550325885823,0.678623036489562,0.21707825768987526,1
333,0.14576036026055017,-1.0351826079872621,0.04733162243705686,0.2659680270155396,0
334,-0.6462230031529566,-0.8791413231127047,-0.7182336786914871,-0.3626468500444009,0
335,-0.6648051134585862,2.009677245563769,-1.035085437933409,0.50747623177536,1
336,-0.4666084331446003,-1.0142349122869259,-1.1003377525745366,-0.5501451735552121,0
337,0.023146067803371292,0.2717314394350473,-1.0528978184229716,-0.6466839180845045,1
338,-0.9095782894797501,-0.9635473813536417,2.5077657062389975,-0.9697184812717639,0
339,-0.309897366301592,0.15636392883938832,1.2591312797222465,-0.3254131824681151,1
340,1.5165138154710485,0.6264553979320799,-0.4748958564883399,0.6792050503829217,1
341,0.09361189803813247,0.8180538309517211,0.9832482612426889,0.22585052663231983,1
342,0.3511257530818906,-0.9825364215533361,-0.3101810349372064,0.6475906652123391,0
343,0.6592799680057965,1.1186762037336326,1.6168531755755549,0.4184730814147634,1
344,-0.5829996826018072,0.5238899478560279,-0.4901438533136476,-1.2115112145383642,1
345,-0.7273368006496116,-1.0162205542989209,0.8898496451519979,1.641716162437277,0
346,1.2913158467333594,1.678304354048131,0.537597013702855,1.2364280869602635,1
347,0.9780029081661411,2.4240323603857736,0.46311574851533593,0.9769835276991806,1
348,0.74284281102434,1.2505793348974958,-1.2960640465626898,-0.9058188327344566,1
349,-1.305251202859083,-0.07113813709402717,0.07708117413924763,0.694657255677204,1
350,-1.6227901486261833,-0.8376828021416532,0.9445242851237229,-1.0640739453352595,0
351,0.8079736461043645,1.6378390321767071,-0.7193158565196689,-1.5657612741175733,1
352,0.984913897404384,0.17909197445361036,-1.8254905888503683,-2.5356385388417273,1
353,-0.4430340785053148,0.8340918949370209,-1.1089975513264674,-0.8455551270361487,0
354,1.2285028883039457,-0.34919430685891695,-1.592342145354033,-2.265678992230275,1
355,-0.7228725870673929,0.43992694203338745,-0.7518310205439886,0.28059895148527997,1
356,0.08151838803005602,-1.0763924377956438,-2.5814664157009775,-1.7517152166913685,0
357,-2.1658788125345194,-1.015424248186207,-1.402830791212178,0.2393727633327514,0
358,-1.6929443416449104,-1.2440284943328082,0.2986464113409434,0.3695245567582301,0
359,-1.0546088150062185,2.5479542931627606,-0.016268145592603624,3.249360274830056,1
360,-0.36330274815320684,-1.0828864550876052,-1.806376804269345,0.5662559830664019,0
361,-1.2078380551811325,-1.0696701788792609,0.7775135416572458,1.2460240936760483,0
362,-0.16125756300626548,-1.133730950416962,1.3810618347054255,0.683683552701512,0
363,-0.35438999798815424,-1.057189870681649,0.39922811266790365,-0.9406914114720349,0
364,-0.08389000078412581,-1.0465929027969136,-0.672974004657643,-0.35610186637052516,0
365,-0.22230293179206037,1.095881692499727,-0.07557152623078403,-0.7362539157083611,1
366,0.6633369741875385,-0.8371197655907159,-1.0083292185969144,0.07718347012517421,0
367,-1.1993407158071763,2.097939059157879,-1.2097733082764979,-0.5290758337215767,1
368,1.558336244326444,0.790290053551522,0.441016011735973,-1.426294940542482,1
369,0.6805255590657902,1.3452534648135088,0.8351582701289966,0.6736554871626178,1
370,0.003795624276612276,1.8264248994591676,-1.6572108850267604,0.8433066578282784,1
371,-0.3654501812145089,1.1150377807384453,-0.7246200092209861,1.4111230768931415,1
372,0.1355229317567777,0.721222224259113,-0.5449702541928754,-0.22640651824497218,1
373,0.8115957615308081,-0.8717416665408634,0.28154748914930955,-0.32739467589692206,0
374,0.1659501250300305,1.4305080508980197,-0.6030218975889142,0.08644400723498541,1
375,1.5544131828709986,1.3154122033424693,0.6162064697253778,-0.5924581162910743,1
376,0.11615950168578372,-0.9669548356088307,-0.09760163554487403,-1.2884968157316563,0
377,0.14317728735301488,-1.1831066287630574,1.391789380654562,-1.5961452153528577,0
378,0.7893515675007778,0.9951166810476277,-0.47585217069568164,-0.27016915153490795,1
379,1.0804537369534404,1.0065769918208325,-2.2529942120525717,-0.19416279034490447,1
380,-1.2852070383692138,0.6094018269575274,2.525855914740917,0.9922180007335335,1
381,0.6495527659284196,-1.0794530062304453,-1.6918045325646651,-0.29596394675736876,0
382,-0.6100457409428411,-1.1715805763936935,-0.58480564959663,1.2531087087274098,0
383,-0.4779524311104722,-0.9338073653171737,-0.28558536743787766,0.12729701539983865,0
384,-1.0204830134205123,-1.0620559947229091,-1.9746740011246613,0.09694294666293675,0
385,-0.24549419311085904,-1.0998153713586927,1.607975676244863,-0.9381898517000598,0
386,-1.3410094012878853,1.513867209453337,0.021985343058436017,-0.10516847015356459,1
387,-1.4252533737429387,0.49255751946191506,-1.1105919657080128,-1.6510380037654009,1
388,-0.10381823055369932,2.408849904636787,0.27129897625013194,-1.1236779970644957,1
389,-1.2530844619071777,-0.24196156884174602,-0.0016697361543594942,-0.10962126490007133,1
390,-0.375749342488078,1.1897893042495098,-0.5100563861832765,-0.7797906972810483,1
391,-2.4674676343070994,1.4608637791734187,-0.0026286376971140423,1.2996237856907673,1
392,-1.3937239633404097,-0.9873361413498118,1.227725788743418,1.6753850510253607,0
393,0.9031164838254736,-0.05170863410268045,-0.5644719562354648,-0.28853967461488456,1
394,1.0364839845487883,-0.8781787662938151,0.23883128871654455,1.6429426763164818,0
395,-0.8560082925780288,-1.1101399771494105,0.08333881866925327,-0.11948332479198367,0
396,0.8212821467075809,1.0448124253033746,0.28464346668511403,0.15949633766169455,1
397,-0.39620128946783323,-0.9703304111859035,-0.3982231954365199,-0.29438547048696434,0
398,1.1288716919243653,-1.0680732773315604,0.7560574889782579,-0.6125266404883494,0
399,-1.5822351531935956,-1.0270429108350043,1.1770330108046934,-0.8004610431999473,0
400,-1.2743389008835018,-0.9393022789757927,-1.3608948910364693,0.8706571253441551,0
401,0.2817487578062041,1.2779601301710426,1.5504211982419243,-0.5231688796568733,1
402,-0.16001467382887222,0.8690807282864131,-0.8202537025695602,-1.8040575317665988,1
403,0.797782811158322,0.6073994929908166,0.6629909061305208,0.47465765188202264,1
404,0.4391502727217184,-0.9918582284686593,0.5410863676813565,-1.6347619885972424,0
405,0.3152827671893661,1.812821200761285,0.3487474745966105,-1.941996184365496,1
406,-1.6834887811910009,1.3302162069685688,-0.39906064224612003,-0.23903276074488583,1
407,-2.026198043613327,-1.0059084446731101,-1.6308246084552036,-0.7209696883005899,0
408,-1.1126172493535629,0.40090381956936694,0.46194872263148995,-1.5639251441173123,1
409,0.19314740882803202,-1.0011572340655381,0.020571695066151457,0.9771292195424618,0
410,-0.39742638623928955,0.052643801910032706,0.21642019257502768,0.8771887445768592,1
411,-0.6529181170977667,-0.9040993004829599,-0.1423853569531861,1.126918616606276,0
412,-0.07292866211881308,-0.9795389894305564,-0.032512764370781974,1.998723588505488,0
413,-0.45816903408963805,-0.12236535168334473,-1.3943672864476788,-2.1648913266852925,1
414,-1.0406746713285113,1.1619648047042939,1.3670412052395422,-1.4873417303672887,1
415,-0.377582152313047,-1.0408756946594655,0.029651776984800125,0.36258028244290874,0
416,1.5384105864997577,0.3724590223292509,0.36382624950825276,0.40558449442367245,1
417,0.5914327586285142,0.9930964984087105,0.43980483421099087,-0.1588722592433773,1
418,1.798878773135417,-0.8350637741232765,0.7541761716592581,-0.32313891333143663,0
419,-0.0889764639956534,-0.24725432295451233,0.7719093074727824,1.9001678764885102,1
420,-0.2087092238555153,0.6560496498897406,-0.12874258739110025,0.055304764752779755,1
421,0.6566883459713001,-0.8857828563154141,0.43590279372425556,-0.26292408206884144,0
422,1.3062653877876798,-1.0216217655133535,-0.1737371614903715,1.3170939960645616,0
423,0.19409195080983985,1.7850199745694297,-0.30023238209579806,0.7682380713287934,1
424,0.24611102212661393,-0.977245769936923,0.24346678358153484,1.0143126303495882,0
425,-0.8006981375487194,-0.8915932596189796,-0.4022022621579583,-1.3452627205535344,0
426,-1.148359252832475,-0.8852340997307178,-0.3628982983808045,1.5458341512361005,0
427,1.8800083940963512,-0.8946613361931145,-0.38573205611316386,1.0386816629645914,0
428,-0.7850519913870423,-0.7353182822637647,-0.06568196884580217,0.4937738141801218,0
429,0.5397158801989704,-0.8999754582910207,-1.1565492653873393,-0.2257743808286314,0
430,1.8653141405894598,0.7118300289035235,0.020453080447200418,-0.140285887495169,1
431,-0.03278089921665323,2.0920429280606037,1.2953187863829914,0.020567292659303155,1
432,-1.7844132672107018,1.240919304528209,-0.8524117380280833,-0.14908463370674466,1
433,2.1509020882894627,1.4617737289161203,0.3615372308832639,-0.3114459405403901,1
434,2.082191170214066,-1.0109195355341942,1.2181591158967269,-0.8630285187686232,0
435,1.2610770844158332,1.8367279561391467,-1.9952482713206934,0.21906112707147377,1
436,-0.9175853842577457,1.102844870725993,0.5886355083933197,-0.2738833156139841,1
437,-0.24034929727140425,-0.7784246424368361,0.8351944291543016,0.7061355587581942,0
438,0.7418333965094966,2.1199347147314818,1.491557394259816,-1.0376694520749143,1
439,-0.956024262549649,-0.9312257342490992,0.5179900023615578,0.42206831644632387,0
440,-0.2901579019411293,-1.1139302824692163,-0.06490213638190441,0.2908954503744087,0
441,-0.028750696291969514,-1.1197805541331434,0.5482079604380967,1.7535199332599654,0
442,-0.9399390776906348,-0.945212535870041,1.656538401592655,-0.562963763245837,0
443,1.5398501282429415,2.0776228593343617,-0.5356861738864069,-2.4182844230361,1
444,1.6399667266618327,1.9318323615286908,1.0228344152870386,-0.839712703585155,1
445,-0.9852067740748862,-0.00969697131858882,-2.1499361935572,1.4422670284175645,1
446,-1.1713947830202378,-0.8585323461161822,0.1448751087618016,-1.303892637768804,0
447,0.7129023849663284,-0.8279553115476035,-1.1376156498955956,0.6636488459831956,0
448,1.1175807089424565,1.0299383563198963,0.7643142068940588,-0.5710135911848541,1
449,-1.9256990793133966,-0.9049552695772695,2.226969716538677,0.6817152584326036,0
450,0.999521083495741,0.3429049776931181,-0.1935768029866795,-0.8399657478627491,1
451,0.9404206698113481,-0.9522388747246155,-0.18499377216522622,-0.8130467734752532,0
452,-0.1294285147256602,-1.0143910291888236,0.13969770421954578,-3.197503345297834,0
453,-1.3511995275024407,0.6901077061622132,-0.18829941228799504,0.9908878864346421,1
454,-0.8573631067940835,-0.8906692550970192,-0.08254665426720649,0.9310401759961981,0
455,-0.5401262023576424,0.5250766915645241,0.010075158461731756,-0.8476457568610175,1
456,-1.1379131096852713,-0.9472367880428517,-1.1052213979907326,-1.5666441122119217,0
457,0.40428382918031014,-0.5342150964973909,0.03634160628509229,0.2710904595205895,1
458,2.5569242665184517,1.0129341739293367,-1.3190881468693283,-0.5029238228089532,1
459,-0.5696663403088797,0.2250967143017143,0.0026965674304037825,0.5227720978829848,1
460,0.4940804793070602,-0.8723048273391949,0.9876292613466954,1.3718032089986503,0
461,-2.968589173770869,0.3144655047322663,-0.3991784381666011,1.0320321191961368,1
462,0.4477230884231755,0.628873412273913,0.4796397146886169,-0.7419308244201025,1
463,-1.6287019215484333,1.6830342937108351,1.157436935789654,-1.7999444758164753,1
464,-0.11832195695291817,-1.1500337411473749,-0.6365662176861554,0.09086450507537852,0
465,-1.2351649386478858,0.38710961293480717,-0.8676906884725744,-2.178632229382395,1
466,1.718733233970069,1.9999689970758114,0.5438825166457131,0.2026803434036751,1
467,-0.41157927612761924,-1.163859809598178,-0.20027566220254533,-0.7112881491261112,0
468,-0.32857463108744084,-0.9957647357799977,1.1548501703037337,-0.054908802107840916,0
469,1.1436139819269007,2.1354046271727927,1.0548857013143527,1.268967713097565,1
470,-0.834509498784969,1.4428072527714901,1.0093948665257897,0.11544036554268082,1
471,1.4419050375731761,-1.0118437839887615,2.5616949870294174,0.30754708554099514,0
472,0.5353432016268423,-1.0462733887776268,0.059566102894052626,-0.4393537688075573,0
473,1.0893489483208048,0.6707920873721491,0.20096742845707274,-0.3399854412819977,1
474,1.5692467798021335,2.294710622282165,1.3693940900756176,0.15378660346771672,1
475,-0.04127567838125058,0.1182782905216192,0.3651676174101688,-0.9062215607295556,1
476,-1.3050959414911834,1.4075649966427712,0.4435923332481678,0.06177124061313911,1
477,0.06916762519771265,0.6297262855807401,1.045341576561185,1.0151263848762775,1
478,-0.1943364532777234,1.0764229344345808,-1.1795484390866708,0.015517003709953969,1
479,0.5564501321145466,1.3451472549513228,0.2058992563476808,-1.5079169684819211,1
480,-0.18810390399868132,1.8528530826330152,0.11175027712002746,1.667619794242241,1
481,-0.919229906603784,1.1624844698636838,-1.0687038246327334,-0.1057937819100646,1
482,-0.18869508125943651,-0.8816301450143178,-0.2304415468363071,0.8208322257061142,0
483,-1.7507619408975208,0.7034709839173529,0.24753520298907783,0.41802789427781084,1
484,1.5985214414717759,-0.8776498388861824,0.10871090030905313,0.6416546713445467,0
485,-0.16265491707840068,0.7606033258196327,-1.5103861697630347,0.14443148923889246,1
486,-1.2044211224797856,-1.0926270214245781,-0.9417170349840251,-0.3582940003468091,0
487,-0.8934767139179829,0.8509506616909748,1.204987376716242,0.771419382793247,1
488,0.06281088282634145,1.6630371544599862,-0.8131728952410306,-0.4421055636304815,1
489,0.2471955796129936,-1.0341160791589854,0.39273198542195353,-1.1374248065708275,0
490,-0.47113185818276637,-0.896132053332427,-0.4179712178569724,-0.18160596236396367,0
491,-0.27662736507527036,-0.969487183864782,1.1548182986794402,-0.7542422873143931,0
492,-0.327544415167832,-0.9296360726604468,-0.8699951105009942,-0.6019744683669968,0
493,0.9167569660431931,0.8151316715692805,-0.5754409305144983,-0.80573046300861,1
494,0.7695454119873192,1.7011883783747248,-2.0310483904085794,-0.6479925484454636,1
495,0.6139954458094615,-0.8554962341723235,0.8716058575887708,1.30319300771676,0
496,-0.20333796268330415,-0.7283574489596738,-0.8175422263540204,-0.21431287686604178,1
497,-0.728139036055275,1.184128874113177,0.45609359709587355,0.5058759985598222,1
498,0.0829004336998576,0.5700865676974554,-1.7609019254414155,-0.4583570548954402,1
499,-0.36124573941777965,0.82032050396657,-0.5596904848608173,0.8913389747704157,1
500,0.29853844795441314,-0.04295782643600998,-0.44927358962780206,-0.7922517451787009,1
501,-1.1368873985458618,0.7688639410449135,-1.7662526836195511,-0.9621296626963087,1
502,-0.4054005309898306,-0.9891748702957049,0.9446995532320283,-1.1271985332218832,0
503,-2.517308718561662,-1.1140593937171157,0.8830051677471146,-0.4580979398264442,0
504,1.5279936488098766,-0.0005138997073323992,0.8467747563315863,0.4621405632300826,1
505,-0.5579714577275897,-0.8977660645560152,1.2317752370391453,-0.19467309756478568,0
506,-0.32192741621270377,-0.9843791616942507,-1.8108335079808118,0.736774033075034,0
507,0.1746171960941744,-1.0270804377607197,-1.4948563100838148,1.2473221070090939,0
508,0.32249273571950965,-0.9990935976819498,0.5074347617372583,-1.0418456635763678,0
509,-0.5104571410007012,-1.1427517346488414,1.4454133473764383,-0.230138175417914,0
510,0.2566117982503593,-0.9818981459026225,1.3198117955513873,1.0175118764990034,0
511,-0.5803564950568825,1.0544001832590537,0.9893239025769245,0.7212176814281359,1
512,-1.880275529307072,-0.986417993761154,2.6255656080283467,-0.014835139938196077,0
513,1.615774739393899,-0.9968709147434007,0.07631882844812632,0.0016835398574013452,0
514,-0.9732015094743631,1.541312180707206,-0.5815797937190463,-2.670589134136657,1
515,-1.5213231257316906,-0.1192419027621352,-1.1394484655085313,1.0909324632097506,1
516,-0.1711482382010725,0.6503858180269867,-0.8468719355431383,-0.04402865748581144,1
517,0.9691348715408614,-0.8294789489093741,-0.11715612540395444,-0.30293778317016157,0
518,-0.9855300958305026,-0.8689808865136998,-0.8859368441672119,-1.2037403992306759,0
519,0.9137129391856339,-1.048124042281703,0.28727861415679795,0.25775038971344505,0
520,0.7171652712115876,-0.31659582290667365,0.8598828903176066,1.3398208781775993,1
521,0.059069571041214144,0.9121553122554881,0.03306665454048775,0.774214145071489,1
522,0.32757651371701196,1.2517616001784069,-0.2868327516748276,-0.19221616066290229,1
523,-1.1536382527601325,1.2195310453073767,-1.4110874293999718,-1.6359452888717627,1
524,0.0915502778042302,-0.18582883280364704,-0.009490465434617904,-0.5922029283815147,1
525,-1.2619474371824408,-0.9650567594235879,1.9450918329283646,0.7460233609280157,0
526,-1.3531256386063983,0.793299768432139,-0.5013631959548271,0.49610918873347454,1
527,-0.017952255370653827,1.6923876784349938,-0.07618072093117986,-0.3938295019944586,1
528,1.0887561368667114,1.9446979699489824,-1.1781299825525189,-1.217136902857179,1
529,0.30502838300332774,-0.9099586563991681,-1.4712181841414946,1.129924903509119,0
530,0.37042338653416895,-1.0238408474186704,-0.04956600770395508,0.7622795669818069,0
531,-0.2955670656737792,-0.8613119030905154,1.8818468902640184,0.9472340938586787,0
532,1.1773751417044809,-1.0723352908971264,0.8642517637461415,1.599657918867365,0
533,0.3643235120007236,0.6027662812658079,-0.8606494326868818,-0.7090911786806895,1
534,-1.2448195912466649,2.746972192721418,-1.1953959103433747,0.48515519526776685,1
535,-2.099238032184794,-1.0920732526544574,0.2094704088420786,0.1241173317076526,0
536,-0.7808904133935775,-0.9365682696803392,0.8719529410255678,-0.792982542791123,0
537,-2.437818749343363,-1.0065539274758764,0.12949229702512244,-0.2638219822093694,0
538,0.20076095162115543,-1.0716116556178723,1.0146966303935996,-0.4804751577395076,0
539,1.287491685123666,0.8336954691310252,-0.07467042806284553,-1.0290440648021433,1
540,0.8252690200928364,-1.029474868149726,1.5462364834691926,-0.5112713342464008,0
541,-0.17504470130156843,1.372752730777084,-1.4555987837088544,-0.3130005044060159,1
542,-0.6773972141063205,-1.0079972081859412,-0.993680167377858,0.7373902966363075,0
543,0.8949382629173627,-1.0179320551821498,-0.25166816172712375,1.7612741089375152,0
544,1.8966300341426148,-0.9885879598891598,0.9261683678441873,-0.5148217473423619,0
545,1.2578316852135891,0.2998436619717023,1.3995202826197124,2.357073474337422,1
546,-2.8365292542048923,-0.8903300193288235,0.6635996214073288,0.356635558409406,0
547,1.1483690772655377,1.3706176949436388,-1.0071177410237382,-0.754331818333769,1
548,-0.15151458542105745,-0.8737014960189489,0.18157597569158757,-0.7569608073687873,0
549,0.6677921998827959,1.4303919112038925,-0.6181145475137141,0.41651897409972977,1
550,0.06404542204569308,-0.9168655826934167,-0.23102064146782778,-1.7834799789497764,0
551,-0.430615773959649,1.4163993609948837,1.6769519503376558,-0.6670235759744748,1
552,2.0866167650359713,-0.8481655384994171,0.2758066204077371,-0.46667391236775935,0
553,0.7833677101419433,-1.0350885067316127,1.5387610505977016,1.0164392028949936,0
554,-0.9825282703172576,0.6525335419113447,-0.14667704722209093,0.35421963534177053,1
555,1.263308181094173,-0.8278927686246056,-0.6387377725731713,1.036404196488883,0
556,-0.7743851216078972,-0.8138137023373955,3.018910121193084,-0.19812454154335715,0
557,0.2557047380912986,-1.0386389220477252,-1.2264205585602181,-1.673933677026556,0
558,0.7324224900489389,0.2806492230140335,-0.08931172264985252,0.026127850841337452,1
559,-1.454086897776152,-1.0435478610273956,0.7253240384262556,-0.8333219461608927,0
560,0.1703503396212196,-0.8324355537550371,-0.6104425756305187,0.40244872053879654,0
561,1.8482373067108808,-1.0210844327268012,0.5215527183780516,0.5161063473205454,0
562,1.8175621472691705,2.0721547761334893,-0.49864048118549115,0.08721705604770444,1
563,1.376008418616368,2.2296454578862455,-1.2947318704986297,-0.9572880055866793,1
564,-0.607081077294487,-0.9781720180355605,-0.8789458148035593,-0.5057996345944777,0
565,-1.2017964300533504,0.8031310507115293,0.8399896295519552,-0.5670326840834885,1
566,0.35580012748870476,0.3350530750886562,-1.8748917563695684,0.10803656361354595,1
567,-0.4244903622850771,-0.9070812459702424,-0.3281876357087992,-1.0080390761467448,0
568,0.2164678687414275,-1.0384719549720665,-0.9461448354672426,-1.417286702998611,0
569,-1.839437028676881,1.1120374748499284,-0.33550793643884386,0.0036200324366405367,1
570,-0.7975974729646711,0.48894979643106196,0.3828445105653901,-1.7915626066442938,1
571,0.3724587044116077,-0.941557185275978,-0.2155555484472144,0.23298041423495147,0
572,0.3309773299230492,-0.7675644184219252,0.3627699464141289,-0.06447821675043854,0
573,-0.048654864206057656,-0.7323857270997887,-0.06201694946946065,-0.5134348923955943,1
574,0.08542487731168352,-1.0887294413360569,-0.2484034206728208,-0.38264478707329064,0
575,-0.7412183274653436,-1.0486936927738773,-1.3734993686288275,0.9830182323785561,0
576,-0.43282054616888677,0.12526462813924166,0.7494955945370221,0.5641085637913811,1
577,0.006648596121705318,0.6034444039483569,1.2562438669988887,0.2734023795131968,1
578,-0.23379587693045495,-0.951378579825453,-1.36354424667043,-0.06892498962108788,0
579,0.5554130815439735,0.42967259675673375,-1.4742053282260603,1.8879658215240736,1
580,-1.002917870923536,0.8078085501875016,-0.9656197479577326,1.4445497983522904,1
581,0.6368732910204562,0.06724350437481219,0.5078118035621051,0.27187337665291395,1
582,0.6439805029036859,-1.0234085074377832,0.5080573504876802,-0.8447828255239619,0
583,0.08465730572859684,0.8002365362335118,-1.0339124602554917,-0.1686397126946826,1
584,-1.9836731326046566,0.43594734537416746,-0.31340777598813363,0.26922979670596914,1
585,-1.3006659453772802,1.572446619688455,-0.14815460191259797,-0.7295098824925469,1
586,0.6456926811118097,-1.1016180453623614,0.5427031674214651,-0.16700233421500077,0
587,-0.5959655865716506,-1.1810643502123874,0.5979811919928635,0.8089269734505765,0
588,-0.48494231393474,-1.1364294299836346,-0.5496512883436157,-0.7359809983461985,0
589,0.6013729627714143,0.12492664721955848,1.301366731268632,1.829276679627945,1
590,1.6519709332699144,-0.8905785751819247,0.26041998339085787,0.300663717475647,0
591,-0.6529635012356184,0.6500543714010419,2.9947129921081235,0.8359313851739564,1
592,-0.11178215597766845,-1.0429787590650887,-0.039352762349275434,-0.10102065547935998,0
593,-0.07196159944580235,-0.13821304973542348,-1.4985299133887784,0.06988467598276382,1
594,-1.0739732382126272,-0.9239154478444682,1.7414880466622373,-0.6905489908853284,0
595,-0.01606186915646101,-1.0360643263086655,-1.6526575041979998,-0.9469817220374288,0
596,-0.12439289900337656,-0.9530518712027051,0.5655013860339299,0.47269253812201023,0
597,0.003493988697380704,-0.9966916040724751,-0.7716111761388453,-0.051517208157478435,0
598,-0.26843680620349325,0.5995733091482962,0.4907295173441273,0.3776624813835878,1
599,-1.9226455756330452,-0.8920097000912651,-0.16547170199754752,0.7319159255287839,0
600,1.0152754641680475,-1.0667235638848784,-1.6394203179270612,1.0657955812605504,0
601,-0.08454791897838597,0.3831274189140049,-1.5195796660659553,0.7274430752594372,1
602,0.025088737606220796,-1.2203776155093167,1.2346854766998632,0.19357160061044265,0
603,-0.48992137134160685,-1.0898927575030477,0.7129452946155564,-0.1981741960963876,0
604,-0.5267234820966006,1.7175485173924543,1.3662624882173624,-1.4689505040557238,1
605,0.8766948186883942,-0.9066356504681735,-0.9908676086294622,-0.05202158034364442,0
606,-0.4233077030600272,-1.0556144333411241,0.04757569020910443,-0.6113510664570531,0
607,-0.29042762769066843,-0.9731885918304307,-1.7231151945325123,1.1730695678413223,0
608,-0.3892060017227841,-0.8121737895652126,-0.36916246845814515,-0.3412121529786872,0
609,-0.4875664832302357,0.7678456487873716,-0.48268510970694417,-0.053745646489403436,1
610,0.2151699721934003,1.3641076670630186,2.5983389622957023,-1.755529269437434,1
611,-1.5988241468781534,-1.0284809528578973,1.202081044940588,-0.5790483394204399,0
612,-0.3442667554905006,0.27463457754343246,0.6785957353834866,0.6905343655887745,1
613,0.9533449211383945,1.428929266483805,1.3640986530542287,0.5487099917069564,1
614,0.672848697910612,0.7912512285188723,1.1506179850559637,1.319556543370161,1
615,0.600754417876153,1.6468973822056472,0.060223234526314715,0.456733448395708,1
616,-0.11980042263649761,0.5131096458597388,-0.15884855049041227,0.9470207364665548,1
617,-0.8557016080081796,-1.0563592247411155,0.21802706568819596,-0.5644509296975416,0
618,-0.3632726154399546,-1.1538747680285426,-0.986693000760179,0.26473856387323563,0
619,0.7775148268819219,0.24785935254363878,0.8491112312504088,0.012739958409098855,1
620,-1.3057615129050726,2.82413214078513,-0.18806022355694715,-0.2804093340664263,1
621,-0.8751910908207066,0.1263196558855768,-1.313303985349493,1.1897959908211968,1
622,-0.40915053136661017,0.10260570894791365,0.8218857576274008,-1.2936494110636734,1
623,0.4391997699339098,2.093647401364458,0.7437088021438208,-1.3428403462405358,1
624,1.0225052768381515,-0.8823392233212044,-0.0605007681221675,-0.11166127184462163,0
625,-1.1340259212438113,1.1614768581504553,0.8298091072717713,-0.8613421421028833,1
626,1.6975256194935684,0.8939003332315008,-0.8433705863047051,-0.09758931196444834,1
627,0.8648955263662234,-1.06570010313192,-0.6439352182513051,-0.3522690698611989,0
628,0.46555430445515217,2.13344660700796,-0.2548310622554476,0.4075425731285047,1
629,-1.0949917341620523,2.158815453372072,-0.1918117571553505,0.8014728343929929,1
630,-0.08227403311010464,-1.0518896278359986,-1.6249605945002994,0.9299982031554221,0
631,0.9473299408854796,-0.9569643227016529,0.63514783248833,0.7395837264501202,0
632,-0.9319342619391973,-0.950029241813475,0.3051788950206269,-1.2322161393096052,0
633,0.4094523847567416,-1.223448304775408,-1.2451148393514964,1.495499875239527,0
634,0.3860826431616243,-0.40504204853174874,0.7160134121482054,-0.30831668893880665,1
635,1.1526746281990483,1.0234831385819674,-0.9115900705880586,0.6434616529428613,1
636,-1.057076379324667,0.7647338244249381,-0.2287562075785416,0.005489759959416214,1
637,0.79306247468485,-1.0613352520564225,1.8118650742058164,0.21396766020956198,0
638,-0.7365158912072663,-0.8789565497922396,1.1448071225109016,-0.5635375523222286,0
639,-1.0752748015218785,1.0837438615031598,-0.6764274430934906,-0.8145775687756516,1
640,0.30524172342827005,-0.3815405556738489,-0.01045231876630494,0.21442380190592988,1
641,0.12698577667658373,-1.058913721494252,0.5081847619777939,-0.5212362491309935,0
642,0.14265026379407458,-1.0617168225352556,0.22951281890499806,-1.8804989231338112,0
643,-0.20521133725542154,-1.0580931841441805,-3.213590519850733,0.29836349671025886,0
644,1.1618328739500752,-0.16460090362897573,-0.42405638241956645,-0.01867816484714131,1
645,-0.42575827555116397,-1.116448911099291,0.23082836740182044,-0.7035930372323773,0
646,-0.4988680499156432,0.08134918026361493,-0.36953162709177634,-0.5464030652925349,1
647,0.061031474623988266,-1.084656555458757,-0.05853401888399106,0.6125259754412914,0
648,-0.38202733431295344,1.8575300397373822,-0.5752824434550828,-1.990243322023842,1
649,2.12314163832048,0.0583515172021245,-1.0052135971966063,1.3939071326135744,1
650,-1.3819754801216808,-0.9489687716316808,-1.200573779961342,0.884900103908698,0
651,-0.04457469385776439,1.8784742677422783,-1.6384639692574103,-1.87806025837186,1
652,-0.12461871693350225,-1.2376513129427635,-0.8696297639809245,0.28558118996375814,0
653,-1.6448775394450394,-0.898121528518081,0.1404923844513223,-1.4752703145887693,0
654,1.5789115607918103,-1.2184214348371976,-1.0145420730532344,-0.6443353845671086,0
655,0.23387267978176207,-1.101515076036175,-0.5544036936239808,0.07391327062935542,0
656,-1.7673172482219304,-1.0035921468817717,-0.44170617927624495,-0.530151180112672,0
657,2.8795288543665887,-0.8506202885266532,-1.2076666437248738,-0.6435790984464413,0
658,-1.4337346356317213,0.8277059752241371,-0.9132815238265736,0.05476202238321653,1
659,-1.8666667411283961,0.26467905057733987,-0.22892227565198833,0.46963375301196547,1
660,2.108593103011208,-0.9475317502748336,0.15619032631058652,0.09505643149689229,0
661,-0.8485936302886626,-1.1400747815666397,1.3202482646423666,-0.010947211031993153,0
662,0.5029176733782116,-0.9560853822171538,-0.5440039284939847,-2.6648321885787905,0
663,0.8002704269988004,0.9475723664634644,0.8221356284017288,-0.047319060815690005,1
664,0.04430601058420479,-0.1453926935900487,-0.11976314241135882,-0.8234243926652176,1
665,0.09526341173543551,-1.0662244378722472,1.7773304265130114,0.13177639166000257,0
666,-1.6969016720468089,0.4582909090654902,0.2790377630949106,-0.35754370656379353,1
667,-0.8316852812962305,-1.116127391437271,-1.5475157287717576,-0.030312723148447893,0
668,-0.4878142827430924,-0.47048201147859103,1.4820027867154784,0.7529632350952109,1
669,0.8502620075116205,-0.8496120405738989,-1.9346285370299303,-1.1873998178805063,0
670,0.5341415441562306,-0.9991873663574723,-0.5281378433859891,-0.5787565952603692,0
671,0.9959678728316528,-0.9654111957676883,0.24281005707015568,-0.07312194484981727,0
672,0.001146226275468339,1.2658679731741718,1.2717538384224543,-1.6677859580632646,1
673,-0.5956792349351074,2.461139512261867,-0.006672386058760778,-0.802453519729472,1
674,-1.7270961952072303,1.2319554416279053,1.6924598965493218,0.2544871479969275,1
675,-0.5347595357841541,-1.0330057640664643,-2.3149227046004657,-1.2378585009735512,0
676,-1.0424776673692482,-0.9412730716649443,-0.6368707753109418,-1.2772556275884357,0
677,-0.3609301403945877,-0.8969808806423648,-2.1365139794143535,-0.6311001134253812,0
678,0.5660306048726348,-0.7989710854531742,-0.20519234096137723,0.6984552312021926,0
679,-0.47903281208547627,-1.0281326106610378,-1.5969226319072414,0.881676193532609,0
680,0.2549394354365073,0.997864703829741,-0.37125635633102316,0.6429804580245645,1
681,0.199452906762523,-1.0610844690380545,0.623433629070126,0.6430696848628201,0
682,1.998471962926275,-0.9550546628757235,0.8915795864763443,-1.037180006571555,0
683,1.0547855791553855,-0.9103839304935887,0.9210622047373124,-0.03091871386467887,0
684,-1.1325095764739987,1.257249658663839,0.6972421077937836,-0.9854291050310982,1
685,-0.07772083353570862,-0.8028339054629698,0.29044894726198023,0.03558631871003946,0
686,0.3172689832351302,-0.9909270870138831,-0.5269738583932475,0.7038695695203128,0
687,-1.0136496170088882,1.1288462520630842,1.392658516815967,0.5379166743461774,1
688,-2.5047752938118966,-0.463565646414827,-0.9071627755523989,-0.59661935752916,1
689,0.5069932881870365,-0.8742645173047146,0.5857510359747999,-2.127075350569713,0
690,-0.34979101992020134,1.6919055672502759,0.9580041597436642,-1.0747003194610263,1
691,-0.6251677439948792,0.9985221328927077,0.589346942063949,0.5258434279633717,1
692,0.9050207258491275,0.8704508666640345,0.7735339341091878,-0.06122844926126671,1
693,0.7139857995292933,-1.046198629672473,-0.07992957954094848,0.2181276266729986,0
694,2.445029082454531,-1.0127846429433842,0.7123366725532528,0.17876629190481919,0
695,1.4618498558082986,-0.6205238589577657,0.186066363931964,0.8335564382197301,1
696,0.12421046570351794,-0.9672203028616624,0.5918540666897267,0.2939110696398747,0
697,0.39174170217810816,-1.1272005296133698,0.6897840504343384,-0.35357074237884883,0
698,-0.02101939921269114,1.1161894893338224,0.12558013927040562,-0.039248714437223844,1
699,-1.8719312778284225,-1.0749112706724586,0.18276066135054714,-1.5732452085303676,0
700,-0.27745845072428593,0.577901373913241,0.5375258662101047,-0.011288308771979309,1
701,-0.26207500113943505,1.737047878367882,-2.6451538619850035,-0.046089574502227344,1
702,-0.49970826075441455,1.3726136961442779,-0.9033174900303453,-0.7219362666019373,1
703,0.06367418595234535,0.3996741552498959,1.2554086349181441,0.12862362922292392,1
704,0.5700458233612968,-1.1678076797594559,-1.1065819601997928,-1.1144390062463512,0
705,1.4953027277646185,-1.0415286621076187,-1.298397448946905,0.7586432153123426,0
706,-0.19805620005996816,-1.0211093362092925,2.2775212904616016,-1.7200414011491838,0
707,0.867972679012481,-1.1320661554625029,-2.00754087557742,0.7041778641114557,0
708,-1.085396758475159,-0.9715788647228486,0.2819905324536756,-0.4847692188325139,0
709,0.984543862880343,0.7513504966459376,-0.11017688765752526,0.025953692449564948,1
710,-0.20876908545175743,0.2651582507410296,0.11451338203188459,1.3508791024050288,1
711,1.4434986990783414,-0.9430205680803762,-0.8447208432949457,1.0536057630958007,0
712,0.05846159880085573,-1.0364788149866704,0.8871739273815329,-0.30113414558411095,0
713,1.983131995753862,0.283998984098388,-1.6046582142835804,1.1919725248075541,1
714,0.9374348297198106,-0.8569551505144688,-0.024670543984613973,-0.2514787399888986,0
715,1.678855752736743,0.6847819004310177,2.530052149851227,-0.8025971918799418,1
716,-1.0805628437679424,-0.9215541758120204,0.5332763175035854,-0.4771479236645824,0
717,0.004261412255934429,3.305764732244331,2.5388234279310167,-0.8090912588428453,1
718,1.6176283783429175,1.2404630376288388,-0.8137996265253516,0.07529486134332934,1
719,0.8099610483315971,-0.9809380392742406,1.0480864443531328,0.49868287689561436,0
720,-0.8795407838583951,-0.9977242891507893,-0.26552378970835394,-0.6136362313990007,0
721,-0.13940791703605313,1.1325993524859603,-1.0323930234844443,-0.9477573319458161,1
722,-0.9103267642119992,-1.1511775643376234,-0.5477965293061158,-2.2084436698482532,0
723,-0.8488455173840846,1.1002536570570491,1.093100502012239,0.7905082196354271,1
724,-0.4228473329593757,1.371293676386022,0.7274495626003337,0.41154826734207506,1
725,-0.7402295823265542,1.0977506542576996,1.2075130561585277,-0.967013004552068,1
726,-0.9076877278901949,0.8363505543440624,1.0957578156484697,2.0881959055141825,1
727,-0.6720004767539032,-1.0582837694014648,-0.06208501407742057,0.11856194385810309,0
728,0.04212585909454926,-1.1344437758405963,0.0207288838983481,0.6892727646174116,0
729,0.3633110483525996,-1.126049992289394,-0.08755534494901243,-0.15636259482241865,0
730,-0.687556405860139,0.8251045513125104,1.2901562466936856,-0.6666829337698424,1
731,0.2362727758262243,0.6825984911085101,0.021700605987977763,-1.3942199178524646,1
732,-1.1822525071349885,0.25157894175537776,0.9412481524944144,-1.38119713701598,1
733,-0.07702833695846235,0.6842900964073565,-1.745162778341674,0.36943817982113336,1
734,1.1976188096160145,1.6459420975948444,-1.0087174707191813,-0.976769352059531,1
735,-2.6308722740219155,-0.907289163233674,-0.7000317770031239,-0.047650052729956635,0
736,1.051896487944198,-0.9952178286813688,0.8514841019722397,0.03486716015974968,0
737,2.260990680929052,0.9218080823539565,0.7598043136737531,-1.7754275826528076,1
738,0.48451061753387875,-1.114241417912351,-0.2575516042403681,-1.1351067416130292,0
739,1.9614261650166451,-1.1351005639875937,0.7164822525769043,-1.7326949199030715,0
740,1.2666111215742681,-0.9176618502414908,0.9464366105740063,-0.40702119923988894,0
741,-0.06643469694662367,-0.9595441968772944,0.6599275628982402,2.2243031408544702,0
742,0.836692034579834,1.9004590306918923,1.4008525896741848,-0.8176992726820193,1
743,0.4611430504287474,-0.9108507072811093,1.502225782370195,-0.024770504125177926,0
744,1.3499204155586089,-0.05809438565544389,0.40469856337184884,0.88257770707467,1
745,-0.4030125103978318,-1.008862375690851,0.18781326705728674,-0.36322697081918087,0
746,-1.6070621321226577,-1.0446037236185368,0.04399540051730214,0.26979971016585735,0
747,-1.0488175972270548,-0.482829044688875,-0.15918964641636307,0.909821452072487,1
748,-0.2532565607453032,-1.0544617479038751,0.28436421992295835,-1.644780706182067,0
749,-0.2412946010489975,-0.9471382187966368,-0.22390175466839196,0.8193632727208686,0
750,-1.2409673002053716,1.0127072820407244,-2.4151416903599396,-0.6847892882711987,1
751,-0.2328169891088464,-0.06003413176266004,0.46945935606381456,0.6674451457356663,1
752,-2.3333776302948013,-1.0787937347330072,-1.8500037588039868,-0.2664985298941494,0
753,0.636466926020087,0.8587730142317755,-1.0143649275702478,0.559714871577869,1
754,-0.9089457486543253,-1.1281017876977701,-1.6191050950277255,0.0831629130772172,0
755,0.25593636995395697,-1.0515793728920373,1.768634677059106,0.6019466785419172,0
756,1.1885648127735224,2.2309557028040063,-0.10905171651888332,-0.5150929864385554,1
757,0.8449031498997299,-1.05450951358084,2.2201957985231067,0.17802426874953306,0
758,0.23565271959163225,0.9191377423322946,0.5281071349400956,1.4720698068197884,1
759,-0.45339240785232987,-1.1090320884057692,0.6658136186983837,3.0448587379656966,0
760,-0.7496905734585871,1.7315595725133726,0.4694353384414765,-0.3156762160261428,1
761,0.4673108424419426,-0.8538819683762449,-0.7381429584258873,-0.14017048494020284,0
762,-0.252113193049359,-0.9608656929041148,0.7117953781392744,-0.4706445793112191,0
763,-0.07702054014572889,-1.038886338981924,0.3599093892866759,1.0450688613545993,0
764,0.6033659297891167,0.5754237603615872,1.0281796209921432,1.8948223763005136,1
765,0.04816135794194658,-1.0599816154121504,0.22138511573632694,-1.5691366161009506,0
766,0.8725267539568097,-1.1025491155299016,1.5244515634470903,-0.8442036565790837,0
767,0.6961732936049115,-0.9594705638494215,1.1058545695596897,1.4896509855128097,0
768,1.473075536268664,-0.950355012938753,-2.4039126120546577,2.055988263930874,0
769,1.017095571045738,-1.1267188149740084,2.742296086233286,-0.24924629071668947,0
770,-0.7300943907312455,0.2270874136406268,0.8038862419462454,1.4827940906321828,1
771,-0.7210453788656814,-0.9606329953238375,1.1033207854991243,0.7014822183492836,0
772,0.5027357976603544,-0.9164705761022148,-1.4303639691607484,-0.7178390682618305,0
773,-0.5613521105877213,0.40711242155645955,-0.026652749688467592,0.7301507851452901,1
774,-1.11159721048938,0.7499041106551161,-0.3671881651485932,-1.7583624291729802,1
775,0.4963747718922636,-1.038431790911471,1.4450454022207913,1.392711048144893,0
776,0.651348016507329,2.245857913988128,1.3986724362800513,1.1535343015718327,1
777,-0.00892257896233921,1.083499709825606,1.7567416655983394,-0.2175501460401231,1
778,1.3673622246320714,1.8457206862165716,2.0677599948968184,1.1816919743614647,1
779,-1.130851191897703,-0.9556997137047272,-1.9050966632807536,2.719071416861195,0
780,-0.7312900947906591,1.5695985640876469,0.6523492756953628,-0.6521712748116991,1
781,-0.6801740152317569,-0.6599318727100605,0.233698616580548,0.03688113773078676,1
782,0.33096231122548714,0.08900109790894406,-0.5969952977174532,-1.4710010335838453,1
783,-0.6224964112504686,-1.1223847815060914,0.3797179555759875,0.21897237743474177,0
784,1.4726461230793018,0.6769382736369082,-0.12225313912946947,-0.6407160712972898,1
785,0.5614058018624895,0.7987349989071751,0.09833083209872436,-0.040693056451832105,1
786,-0.703813805756902,-1.038983672435927,2.486446080619859,-1.2261150471421542,0
787,-1.4056833525903056,1.179489710295012,-0.6295051200316184,1.2438809529417378,1
788,-0.027210666844940126,-0.9612982154806512,-0.10219531130360131,0.2311946578167374,0
789,0.25073017164309425,-1.140062546788264,-0.33293131320869057,-0.6729810739895641,0
790,-1.6898873439352717,-0.8633773145387105,2.0292090954911686,-0.7391266723974009,0
791,1.7149833942048673,-1.0139401095821325,-2.0480584189900126,-0.6174484632646821,0
792,0.009814773851101848,0.7518590782572745,-1.4603204456329597,-0.40975724271431563,1
793,0.9965012905473556,1.5624130251753434,0.8165040214043068,-0.29590181642441316,1
794,0.009175215186936751,-0.8600027703113233,0.012633115032208358,-0.3289232670861938,0
795,-0.31175138169519384,-0.9336113845108527,-1.50595438223359,-1.2045686788164838,0
796,-1.0521922130782269,2.048640479601037,0.34821349528035384,-0.0028894019975420665,1
797,0.6780614551139574,-1.0309186543561788,-1.209414436198828,1.2696150171936367,0
798,-1.0270929459877232,0.5153529406014983,1.1690924176411412,-1.533888598280806,1
799,0.8567163744542401,1.661200697534812,0.1296418373131653,-0.7128216969934608,1
